,Path_1,Path_2,Path_3,Path_4,Path_5,Path_6,Path_7,Path_8,Path_9,Path_10,Path_11,Path_12,Path_13,Path_14,Path_15,Path_16,Path_17,Path_18,Path_19,Path_20
0.01,4.881644499655595,4.912245260936816,4.823620010039693,4.8523575770424285,4.901188759669145,4.9423248818887195,4.848251019378084,4.884563261859775,4.876886202929171,4.8447398270417805,4.930425548299577,4.880329986780791,4.927865336709685,4.94448767547298,4.863420416489055,4.838452395113426,4.862752506789813,4.842333753936643,4.834515356801751,4.925873248047826
0.02,4.869593218701683,4.893888967326885,4.854979760754643,4.88144394610763,4.869961444469346,4.902462876339496,4.822175057343594,4.907211570789687,4.89062400145826,4.85093560610329,4.938280458020581,4.948816441750778,5.006568426920727,4.916506986041283,4.918580131337088,4.909835303049239,4.8083450425879475,4.775438347406503,4.798954887257352,4.91646031117344
0.03,4.823607630533253,4.924211296101166,4.828427425705216,4.811323995501255,4.8500068951894475,4.995465778160795,4.832393596908029,4.9845596063145665,4.884949596244356,4.941545782587226,5.032303404758963,4.955194274702438,4.978749715122134,4.967273038164386,4.834820325497071,4.862178788847156,4.804165197453103,4.767382146507986,4.749775624352629,4.9025825741796565
0.04,4.855743172142973,4.957291968736377,4.787310464311369,4.774738107429652,4.925890414141244,5.046949953112781,4.842428332077987,4.929292676550558,4.909817647955509,4.9814338922684716,5.020428244854323,4.9406558160384195,4.939073601831784,4.970952655924357,4.873011362121859,4.87880077500403,4.920798643524306,4.877002282270694,4.701404971541865,4.956567850189973
0.05,4.91059821823936,4.901366835416677,4.799310157440743,4.781683673992559,4.9456514802996265,5.036157570501341,4.846415564971729,4.892900264719842,4.914490311733666,4.99302508952238,4.937848665258216,4.886915423833145,4.991111471162765,4.972032929012562,4.896422291196133,4.857891594458741,4.870433308506492,4.897238370983246,4.712462022004166,4.945471570386559
0.06,4.841909899413517,4.883277295832838,4.716312031856612,4.802219270115138,4.9521096532518465,5.034570113063556,4.792749949227232,4.837863799241563,4.962900046454528,5.061166847240729,4.93625084374381,4.910519254253487,4.9891850224349295,4.887065353642861,4.957882530036404,4.918666057887873,4.88101236709054,4.888839972949939,4.6910791573445065,4.998717311041218
0.07,4.8851270217468725,4.91316672540063,4.735860392445884,4.825635007454308,4.958122289745491,4.983283912201621,4.7614432897017345,4.854389280584289,4.948813521654386,5.033533633266357,4.958574769347782,4.888564903315188,5.012161927619534,4.9610879254473055,4.929517024781817,4.936575941588525,4.915114260385188,4.93149468740642,4.646670495581812,5.04797645248121
0.08,4.898659495798703,4.861590960548712,4.762968086635918,4.8393846476918645,4.985652850940013,4.940748763037331,4.763233788448108,4.836607884790591,5.003154567860279,5.047583427191772,4.983220536789305,4.831960990504969,5.0048833113029545,4.934751274463019,4.877814344727628,4.959828453644271,4.930073659498557,4.893665192274476,4.674320691672613,5.070450622898845
0.09,4.8819410128154574,4.994674721744305,4.675539919876782,4.810859150803196,5.010338975585921,4.932612083247572,4.752111508011971,4.8083481296611,4.980895383133769,5.093270510173927,4.938501957098514,4.821276979493495,4.985289278447889,4.837537024257794,4.923779116501676,4.97405889299886,4.845422406887681,4.892606601222893,4.6730267509418875,5.142042484220689
0.1,4.908885170829702,5.037868080102567,4.733280309949309,4.8025306771866925,5.030272803270852,4.9321800536142275,4.720771054404381,4.779539005590267,4.993313506927289,5.085619874996124,4.981038971476639,4.820288811894348,4.898080890455741,4.899932925984429,4.849391021899389,4.926410960691993,4.879150023541033,4.91581875042367,4.671898217399623,5.152598525197393
0.11,4.8581889642480105,5.1040493864125525,4.741097848174446,4.84527031429924,5.043858030758165,4.929729902566023,4.72906759432463,4.755465739813088,4.955520498779403,5.085882009878376,4.974469894397157,4.841473577854388,4.9082044661660325,4.8891484554527525,4.88471626592951,4.907261295767367,4.895439225232295,4.916292509881457,4.679244000505426,5.123295396439198
0.12,4.798486224658969,5.123953278436798,4.714121229283581,4.830812598546755,5.044261630852826,4.929491103872029,4.71460233605425,4.736054798985026,4.929903190370713,5.142928511556046,4.886461902281819,4.919051280463858,4.996251963843611,4.865353250004447,4.864443477113323,5.004059906148679,4.957600768783397,4.962751155624404,4.619539826661353,5.091026020878887
0.13,4.761976989754071,5.1709753588261735,4.690636072993874,4.826970335369508,5.175981002948755,4.925085577818998,4.677401728017698,4.7335337921655665,4.900002116248248,5.133118097928304,4.886838388499884,4.9140857216464715,5.032650628241952,4.889306870837928,4.828642511497191,5.048797983611846,4.970423757574457,4.9517979051025085,4.566620280537867,5.186775794432381
0.14,4.8304687898127945,5.195707804974706,4.709974007635923,4.728282916071774,5.249614854379825,4.9718151993366835,4.61956854747399,4.734004903644038,4.856498392020077,5.070613442258681,4.847532308351637,4.950657943192475,5.103571271562498,4.939782009801734,4.825200600328533,5.023102855522008,4.9111813596360285,4.965221657250838,4.627143468616741,5.246091314004104
0.15,4.895878550664389,5.233671290982024,4.7089315641333815,4.76684098542562,5.232187208900463,5.015983402705013,4.601941123480304,4.7819386414752305,4.763049177309457,4.980038137520322,4.865656412091789,4.983618751577411,5.10956654200008,4.940576877420058,4.777595526740305,5.017207282913492,4.906987418004545,4.914152331639448,4.695131614015683,5.311136875965684
0.16,4.930581301282522,5.114508377984216,4.7006024990923425,4.783645144582367,5.263289843540686,4.994045973202034,4.64656251809627,4.801480029451959,4.701413936751646,5.017216281215687,4.921346822869004,5.025280946675995,5.14407700936973,4.9161417797298,4.790783161032473,4.9937747846969955,4.944381321461161,4.861010476578376,4.7157663554059015,5.291538367437152
0.17,4.9517237787176684,5.061982393767657,4.716717072408339,4.808715218715288,5.231002541199251,4.958322070616817,4.593134526027816,4.720572334412568,4.707209200012518,4.975899766090483,4.899477518853331,4.977332384850347,5.146155851091486,4.850120442608469,4.752031107335622,4.998693233325494,4.926255201277423,4.824301675195766,4.737520615591532,5.343205361712749
0.18,4.932370957562148,5.1131376232996,4.688714504592725,4.726237635690963,5.263576591045173,4.924603871514716,4.624371141766241,4.701561918860337,4.68068485547694,5.018615129582192,4.884766139168769,4.992376118961983,5.108063136491101,4.829954290249963,4.736381804383481,5.001314762347051,4.9828946694560114,4.857721064895714,4.703307071728188,5.324954292312157
0.19,4.897191423848956,5.054171809616046,4.721013764078993,4.755138790924232,5.247078150397972,4.877690697463308,4.6238080164374855,4.698457118953511,4.70287897610014,5.015156075567724,4.97349423917519,5.00087824204232,5.167469960927243,4.762667638306525,4.68230227959105,4.96579122283,5.074089073457169,4.864157312423914,4.759762021390479,5.348926731969074
0.2,4.897456362256939,5.097704702380252,4.76988666797077,4.683523300821108,5.317421349756478,4.887061830069983,4.675300557164698,4.748218009939479,4.715946769484096,5.028304106100683,4.959879419801589,4.9265008262477705,5.155194701013578,4.766806408767316,4.685049356158259,4.967581759579537,5.109871042283343,4.831744367830446,4.756962094689688,5.386391892670109
0.21,4.925186980540471,5.144672046751868,4.728475162641992,4.714239139359596,5.338455684318011,4.889216668958174,4.62233372178494,4.696207982843551,4.709047783808653,5.033199491442236,5.010074093150257,4.888334260657144,5.138018617197141,4.717600538959631,4.730376791215931,4.9776630400566315,5.157641422476417,4.828791918113221,4.728829059457688,5.354997364956644
0.22,4.994162701752366,5.235804787755406,4.753186946647701,4.811132404025062,5.315063885971744,4.901377673836423,4.638409045011984,4.791245184445481,4.6717775950015765,5.034424694690917,4.977252262734633,4.969048397623531,5.148083725080431,4.805227982634091,4.703286311333697,4.925234365611098,5.164127615266208,4.869165763756706,4.691644060694469,5.349060378929915
0.23,4.906563202236046,5.247766079338199,4.764456547480456,4.8247136252563125,5.2746097949607575,4.931541763540574,4.601869914732604,4.80143895967615,4.704395476148628,5.09046958037565,4.901379379841299,5.000826172888071,5.13076589509284,4.822418161974886,4.692796652152468,4.960461233010523,5.1269900742867405,4.885628225618688,4.749325472713444,5.4071591206663205
0.24,4.945883571668946,5.273912477259551,4.709856290598142,4.773047506157566,5.215166362097086,4.918036728572507,4.608762525308322,4.821661884402576,4.753502899678645,5.135452361114661,4.929735610168608,5.025733926909604,5.071624006798819,4.7846191484758025,4.659084543779901,4.929091764981268,5.085695869461237,4.902703878872953,4.789657882431288,5.4893756467802834
0.25,4.975097311898715,5.321386605876235,4.700720083132664,4.770462977616957,5.19034566023002,4.891270357492221,4.657062878261243,4.909094097003779,4.679150591020246,5.090602693375738,4.996222814409931,4.998332840349661,4.99098588128064,4.77854196377514,4.734022619410792,4.946385860441915,5.1005371101020165,4.918292717433595,4.853051874616536,5.4923402380842985
0.26,5.014450399716681,5.397293855614903,4.709195998310288,4.804260179287705,5.218419009358599,4.947363959652003,4.651851848717906,4.883430000666657,4.705348889831932,5.0615275683402885,4.984229474536911,5.0119799658786865,5.047337529208497,4.80631589336799,4.666836908156043,4.884447443562205,5.037510722516587,5.021987322055238,4.841009163098032,5.508366183037379
0.27,5.076762620267548,5.3928759795427315,4.735685065004805,4.833748938320207,5.205101508280781,4.942694215723915,4.570406912643444,4.915826935187979,4.656643524447669,5.0194016707067854,4.959311471385502,5.046262270486154,5.062168149306093,4.77482691693267,4.667588290599998,4.929685887031955,5.036102293197845,5.036872281492111,4.857427991637379,5.484684652339224
0.28,4.9918760717620465,5.306241509621213,4.774525634641932,4.828688450180984,5.168406022475981,4.879319256731295,4.514433340237685,4.941992157135933,4.645573922326193,5.03102792525118,4.993947720053462,5.118551844710567,5.0556462405591756,4.839093804087962,4.694178300088553,4.9410901159782386,5.026663470342556,5.001133725609759,4.8896364630835025,5.530630748688417
0.29,4.9584612876217795,5.263321547350066,4.7528598152728705,4.823242418193627,5.196778759542884,4.857768290152765,4.531750111327945,4.864945634301404,4.637901464698291,5.009606483008673,4.971917566912175,5.122147074007304,5.068800794908294,4.856044065214082,4.728942301149854,5.04874632150019,5.00767929720181,5.016460857225551,4.856213970519126,5.564222839449219
0.3,4.981164688472901,5.2618174717894535,4.800910002416799,4.800069080745028,5.271707914445431,4.860093658843558,4.5823054557157405,4.840548533737135,4.568618000212922,5.018931156203112,4.94271236453452,5.192181582764141,5.124639116859252,4.95143156931156,4.743689646863816,5.046250489749229,5.015137105274703,5.010541573730283,4.932506413589679,5.531443533527628
0.31,4.986677591710162,5.355270062537595,4.701728308910734,4.811660979943011,5.304635700435005,4.871853318291402,4.536932049561407,4.813513957048166,4.5896014585379366,5.038893881357934,4.934565711642466,5.16601517833872,5.06694974911421,4.8735779063751785,4.745103310788755,5.041428541943885,5.026257989626312,5.057320049595245,4.897680298791888,5.533240873985001
0.32,4.90815938247463,5.38444597746002,4.773271721977164,4.748476240008908,5.286562709645657,4.896075091254298,4.56344154584099,4.839646337040686,4.619805161932379,5.045964933064424,5.023701648130774,5.130000522159665,5.058383101765337,4.874967042444635,4.700121099518408,5.038141790549229,4.988786645590453,5.082326209662115,4.957586035583974,5.511098537518765
0.33,4.923227803696785,5.414657404244112,4.773926429891929,4.7256491139626196,5.170633126045936,4.8353309141792575,4.554864519657923,4.813171839817633,4.657525561929107,5.063033993972843,5.023105162098664,5.165163490148623,5.108192466956399,4.901254497234366,4.617808753453503,4.924397312406771,5.008480356936883,5.008788005082902,4.943618149589374,5.544307525753697
0.34,4.973435632158712,5.399110755700845,4.793144444732645,4.75566165496913,5.14384928807593,4.835932430955285,4.5364575222690995,4.781081823832762,4.67479778055988,5.160790359883835,5.031606728585955,5.17879513088644,5.158454261576038,4.856432665402133,4.64234075316914,4.985939456332232,4.97910923937785,5.0098887126754414,5.039534835253541,5.464386612740337
0.35000000000000003,4.961858460570225,5.411910325999203,4.789579760881441,4.771307705161899,5.15234919317956,4.80027907143915,4.488586233457233,4.78981062574663,4.742234965854661,5.207302222101981,5.008315933042774,5.1738892501236515,5.15054945855998,4.843564814798874,4.583537811391632,5.014443804870561,4.91559030480297,5.0809616093216405,5.023166479098916,5.4866687609663565
0.36,4.9442949772134215,5.269236544154466,4.808930300784123,4.734697512500719,5.081207247714569,4.779383975065519,4.44510169140023,4.74502410318222,4.756833276312745,5.274310855646299,4.948911199317492,5.185471404810922,5.23376686935827,4.873095830444748,4.626562892254416,5.024380589530252,4.866966130439177,5.035520663842146,5.077220914840629,5.4462110001645945
0.37,5.0169266223865465,5.277113910786531,4.793138334223335,4.7240531977512745,5.0202212301284765,4.738344580874177,4.444705926312474,4.725544151270606,4.789547200879786,5.310889042913164,4.927100374169998,5.182266145409411,5.22979690972579,4.914363433366333,4.6138876983426425,5.025157524145538,4.847241374849169,4.954221939459381,5.079606819047983,5.4221792447848784
0.38,4.956612062552462,5.374061996836625,4.713017847152913,4.719919271640497,5.04016510126573,4.71920840652205,4.461211752856735,4.749783554308324,4.75545235460465,5.361153578581007,4.923420506967081,5.2467481041909565,5.077349111680915,4.92067202053982,4.648828718792425,5.053329163754411,4.762019261219837,4.912333883562187,5.084495682082984,5.427624002986959
0.39,4.994179160560523,5.428333825102892,4.709624438175467,4.679717105771033,5.104450226819597,4.684253354344553,4.435192408988833,4.749255112851235,4.787646758597902,5.430703570503446,4.953112919571669,5.277742584707979,5.093392109279187,4.999279273173945,4.633905279186605,5.056342477327836,4.770211871712323,4.853001292534939,5.003796822050594,5.44412521958275
0.4,4.9590765343096495,5.414644949803586,4.672091690437069,4.656453688427699,5.165384787576969,4.717343637049294,4.484542805272245,4.76256394297993,4.78871268222655,5.382501810927864,4.987979826866999,5.36512763791014,4.986297371061236,4.910342476457878,4.626200074271887,5.068202888007967,4.790411559680021,4.905078771313604,5.065220116225089,5.525129225530339
0.41000000000000003,4.930742872621192,5.385154552067276,4.721826028787539,4.665849969197176,5.146260431869444,4.640772019048284,4.392395560510609,4.810890802208595,4.756436444080552,5.444478307143776,4.942680329281889,5.309781144773944,4.949050757512827,4.904198308469979,4.690024631401822,5.096017460155591,4.7753915576492725,4.865384188097394,5.045982909872426,5.5152626817051065
0.42,4.961626129175089,5.428295290964937,4.70573298212204,4.666437073952043,5.1229317532813035,4.638242436661795,4.327758154962265,4.764293014512937,4.756459199684872,5.416038638756935,4.921207523454628,5.317134242257784,4.899106436195598,4.933235643190896,4.71360258878553,5.087327602557156,4.804867820412907,4.915339105121764,5.093116948728041,5.456830201637192
0.43,4.925136039670106,5.33846092537108,4.72004741087093,4.698881072182694,5.09091061184886,4.689969654337468,4.395060973645512,4.791654917250895,4.745426843161657,5.412603718633,4.940807311476591,5.336405528949971,4.949287204268077,5.004922233128357,4.7785226383728,5.0877971325986655,4.804820883662261,4.884083331827276,5.069730761524703,5.479765968036243
0.44,4.984180965276574,5.366319380781282,4.75674638997771,4.688463108288218,5.104465185059354,4.683416564221328,4.369425943579312,4.7778535608839485,4.7737912730758145,5.438556397571536,5.046092813854872,5.289170158610532,4.966537673910113,4.951320270785614,4.835224344920926,5.180206441866261,4.782151211683086,4.8172047710899495,5.052783205942331,5.37893088718323
0.45,4.944917068817113,5.378757906692787,4.79504929192559,4.685296957197679,5.064846528996013,4.618478725079797,4.3705798083879115,4.808182037923104,4.763773987908074,5.370350678841758,5.067053045845346,5.332448754151434,4.986511204861263,4.929032433469271,4.855978771401425,5.100579828118769,4.766043946576876,4.8159455007511465,5.080855627633281,5.346900419994108
0.46,4.908534417206711,5.482890378034193,4.772789297446064,4.6838093877425955,5.082055442829371,4.699416557410512,4.3959259934144335,4.901511094428424,4.788458290615571,5.400229022941914,5.106962424241987,5.313807452046645,4.9419874041288985,4.9956089251875975,4.888788299423227,5.126725270169869,4.740667882036631,4.8293104085501515,5.064252996290621,5.340229763764011
0.47000000000000003,4.868123672501819,5.478833624391427,4.710279075461124,4.679120875267829,5.039092213452842,4.675656161494221,4.413768349709992,4.914108597060464,4.724701199654093,5.37944686713351,5.076576391029996,5.320202052902809,4.937003734169182,4.9056748640325925,4.927245030251553,5.102335556669391,4.638336560705536,4.8258855796770845,5.120224411303261,5.384450018947395
0.48,4.946210447934996,5.47873395475943,4.752167655469693,4.649650734926724,5.045831137638879,4.678205554676296,4.406350618636196,4.8978966897063465,4.708286632745282,5.402134740500789,5.030799167998009,5.351721700436249,4.909997352428589,4.974766504922213,4.958068823275165,5.117699861799811,4.6327367071907135,4.8018676737301496,5.184068376767068,5.339824980959349
0.49,4.9211627958306305,5.520164534096035,4.799853386246437,4.621693721601883,5.102148030647292,4.639148347123672,4.386678406575598,4.938660017806105,4.700346670282762,5.352196249363403,4.992668132416276,5.425374711641482,4.898695355036974,4.94981607493182,4.962234528351218,5.085661726716665,4.558078145669628,4.810711350336573,5.213619084896432,5.373907351200166
0.5,4.837660151293325,5.503355567726421,4.8202870384129435,4.554707921832054,5.141979101466356,4.642584485873904,4.390993447494586,5.008179751851847,4.758199853548425,5.311623999605996,5.06876457907663,5.4699620164808564,4.876999683650093,4.888144097687443,4.985181520039371,5.145606314388958,4.6431840681040875,4.798404878566707,5.2043663456618345,5.4462532898209775
0.51,4.841591063909054,5.490904992570177,4.77570187451418,4.585442804432183,5.123111745346104,4.640822672776348,4.359269836370715,4.981394273268873,4.729167469055898,5.311890419864896,5.1424875047783845,5.430877722566202,4.884000142343931,4.903848175360812,4.924198762712143,5.08345734057161,4.634708651908522,4.870063816167095,5.169722248832794,5.482638380874054
0.52,4.926410265202921,5.453642157037534,4.769340462641213,4.619095659634461,5.130804244935996,4.696019293109724,4.310309343373293,5.03282184648707,4.753881581715928,5.373400503201755,5.151903701978763,5.42608647378965,4.89732739354938,4.9151330371669815,4.966654342151994,5.0523867720667335,4.6172233385726695,4.907230748183459,5.2372652866836775,5.580762363023233
0.53,4.983781136103259,5.451263847196157,4.827766005694406,4.612435925288162,5.115907735840346,4.7318714255958305,4.313897853295318,5.047272194179802,4.731975580596283,5.323381282417832,5.216226945538744,5.431482004041943,4.895027820141226,4.915827614282793,4.962681892515476,5.04601476643296,4.650172468077072,4.973252976992529,5.202052454888047,5.671392483087667
0.54,5.00012564474585,5.527209733242637,4.850793845681543,4.562723355015744,5.14114322375239,4.741051605622255,4.232593920324345,5.021007593706177,4.688206793249036,5.33188764749201,5.094283008734719,5.431673069046889,4.846681241334621,4.870018590393729,4.9610834376810375,5.049922450758153,4.704438951644846,5.015899125660624,5.184323355142498,5.665224648605363
0.55,4.938453160826666,5.535533026824372,4.842979771938597,4.550316723009546,5.152332439699163,4.764294931689709,4.209977919745419,4.985709046908871,4.676146449103619,5.279547026793268,5.149852103915038,5.420010246744161,4.897800671373429,4.846076991680769,4.906931655096037,5.018054863540416,4.7249916474732,4.9727582170200755,5.234788450709686,5.684602892811702
0.56,4.960746579914516,5.55449148981955,4.775248171871383,4.569691529809285,5.167527940866902,4.745375266624322,4.200891510960576,4.984307601886844,4.713596700403629,5.233866208786975,5.107425179387207,5.433837525000859,4.875360175937635,4.8549482176160055,4.94312749877053,5.04836247293715,4.756487942150753,4.963340400044235,5.224567031122749,5.678845643827046
0.5700000000000001,4.891292231927875,5.556127114328745,4.707724875727434,4.6006027931545015,5.19639238939891,4.774785280300076,4.2234357534282845,5.0596409250912195,4.642621410295358,5.196967816074643,5.0840511669401565,5.452344087068591,4.831774871118609,4.850080811330583,4.939060750685419,4.988026596515254,4.761523500854691,4.97935582002109,5.299324832466436,5.686069070776046
0.58,4.8605579413364755,5.419492787947118,4.723614115038683,4.565027012141686,5.233398016829882,4.782857917472334,4.212120486689229,5.05745180457344,4.64321076148748,5.2047267705683415,5.044589111025271,5.506494233510258,4.7734627699431655,4.819873558275845,4.974203204298592,5.000405876084266,4.697072149733686,4.988007143027313,5.3074263392458185,5.667430009498897
0.59,4.848875835905678,5.445342545427023,4.744634806491469,4.563941677558505,5.227456489037533,4.8276635160102375,4.214380629925725,5.060587138926156,4.583149190603734,5.267887613253942,5.031589372497919,5.476790688208588,4.82919659357873,4.906253725583959,4.945699813243,4.936511152131757,4.716315355088631,5.072184885762999,5.393472420511378,5.62841660945327
0.6,4.866414908963144,5.493627938675913,4.7389804617334415,4.507143174768652,5.291888999567578,4.752053338537484,4.201004199043018,5.045749436492717,4.594631762861562,5.280275776974259,5.074696669020458,5.395328852067938,4.837530928209331,4.895437558616795,4.985790701695057,5.002214891125382,4.668286440809759,5.059621780009476,5.361395388843385,5.613772650747935
0.61,4.837706235294821,5.5484355377117245,4.782460176588957,4.576830379984521,5.2691142722474735,4.751292399924022,4.254292166015028,5.065144564884857,4.639126493947104,5.248706301235049,5.033134940233817,5.373619499997779,4.8438944967760555,4.86775071844952,4.965214958229218,5.038508972523433,4.6644937791440135,5.091154669770797,5.444081137840219,5.541530326175838
0.62,4.851693629476705,5.504562775395395,4.793381980844917,4.529112144324904,5.199216753773554,4.770334478545793,4.212066245996252,5.190992289464332,4.641712803008216,5.200687435240127,5.05355530204874,5.360106555880483,4.843377535467548,4.751930890613418,5.034325884340548,5.04117486009467,4.7220729437677935,5.111949948700202,5.496277269511289,5.550406271504913
0.63,4.800552207173955,5.438820325734429,4.760952533608429,4.503556217770412,5.242145476507878,4.753063483624249,4.286519654820889,5.199183794392177,4.5944289622090695,5.150408086759223,5.006352700029575,5.300462412696879,4.8496250785968265,4.761784579504215,4.988547818412891,5.070074813761517,4.649292745880067,5.088579955111295,5.399126385752678,5.523692945288616
0.64,4.734061971374583,5.4591360111942,4.678433822240061,4.4601764853967785,5.190978220805701,4.750165687486533,4.332997778503282,5.222762342121809,4.590427213282066,5.199505134196718,4.973233647440411,5.25835819526043,4.945445698795237,4.71851315980006,4.956146633287817,5.062598415127643,4.6590557126990095,5.106211565393191,5.446662332097712,5.4427690668341375
0.65,4.7385253186535685,5.4213611811982005,4.677593249378767,4.474092306991044,5.190886448697949,4.671503109483041,4.316574237080069,5.251184599856953,4.57524053727144,5.175111130495108,5.009563083648998,5.341459747016779,4.956296629751642,4.659887405494636,4.975739676201701,5.143572722984788,4.641368941275145,5.146574806448503,5.440654592567113,5.391501065671511
0.66,4.748836492187805,5.37217064329943,4.662174831553543,4.422824637451381,5.186766193423827,4.730386782501688,4.286575485857386,5.275081246310643,4.623254817287366,5.249024377997177,5.018303430594061,5.381486798637842,4.91164623819509,4.606623114111121,4.965878387373889,5.162666347027238,4.591233552569997,5.175571341735312,5.473599868825369,5.4192582146011254
0.67,4.7366958786405595,5.421758475012521,4.647615049367315,4.435271344286088,5.146745643604271,4.699249315935151,4.372065624524901,5.2457575055722945,4.602423921712521,5.236456130666944,5.0215638515892564,5.35094971171079,4.938484312490051,4.649983815074776,5.001492366791985,5.137851140953046,4.592233155540715,5.105303392411577,5.515961995452817,5.453349139435639
0.68,4.710534754596247,5.338223912783339,4.691008504193743,4.430577603331909,5.228661627684579,4.697620924884406,4.415042979792171,5.29076143587817,4.627529172631105,5.21611289255802,4.9377054608588935,5.273846718881782,4.970896258381133,4.694705040237554,5.0306340560361615,5.161075368876717,4.572929159561174,5.163249750928478,5.595640401285873,5.461433798510094
0.6900000000000001,4.711046797455094,5.2690067613458655,4.684307455487885,4.461529621231439,5.18202151276257,4.68387570128779,4.363062033254164,5.308924177768882,4.59583921810242,5.162803209827483,4.910416357668512,5.250590152043595,5.011764335843753,4.724835154304505,5.132548185474959,5.151156848495705,4.671209237899302,5.16733066780863,5.513294205766614,5.424769648982701
0.7000000000000001,4.746226609040082,5.3406753682517145,4.661243592787882,4.453125246008078,5.141652898614313,4.685636278832628,4.424265160095536,5.38193182062414,4.531628582853251,5.208298294897914,4.9488377113245985,5.215734447378697,5.017429132591959,4.671101844369256,5.1739765073216875,5.101111820198865,4.673526668123679,5.175896749117213,5.511163912652463,5.356834052685278
0.71,4.77124522739656,5.334567316628966,4.669915121692541,4.502033002825307,5.1438486842191695,4.750435374756879,4.364116899276241,5.446053701109507,4.595880607116006,5.1879113426863395,5.029277474944656,5.236305753395462,5.008407588013021,4.697379986548608,5.182991777487406,5.083350271017869,4.682973170529692,5.184747978166797,5.531705131296796,5.355136381075864
0.72,4.758972148528339,5.352444724649633,4.624217517028651,4.536991732463267,5.172798411521454,4.67263974705223,4.339076983074841,5.486067325108718,4.532754244482619,5.180983028858852,5.024736723739174,5.2227628134282424,4.989004185412193,4.653179970753684,5.193687939781958,5.096290993804999,4.664821762164195,5.276582991413208,5.530314449206482,5.365893314766869
0.73,4.789084692141355,5.382314153315872,4.655739801547375,4.524747314779032,5.1698754098607,4.674343864032846,4.321156074128494,5.570482303286419,4.566829745474563,5.15942390418098,5.01935542676741,5.325164883887261,5.000321236949286,4.6408690911556745,5.242037277315037,5.054668605547949,4.660842074079456,5.204569151791869,5.478618689780441,5.326967904219967
0.74,4.752520823012643,5.369375707405077,4.6613511912638845,4.561871544414579,5.278438367696959,4.704514379667191,4.214613288735032,5.627139074278579,4.541213381056057,5.18394872812247,5.028799719509637,5.372051605353374,5.05326155007575,4.676542315475175,5.247303395231771,5.118240098041357,4.690273611058825,5.22202599989874,5.44916318554609,5.35913623713577
0.75,4.733055839490647,5.357668435565567,4.661387787893718,4.54216194737382,5.29333500468533,4.704525073496885,4.224401271349545,5.609403359135107,4.538273597913134,5.229364996582371,5.01677933826942,5.399741818275396,4.931712822032621,4.728184957040402,5.200590008257854,5.094188248461943,4.660718922542362,5.168862545170873,5.559992238469592,5.285995949331159
0.76,4.798208114082436,5.292164845597393,4.678827726115779,4.439814197180071,5.284897393197264,4.8003281603558605,4.309663067356967,5.653704755900006,4.461263649115978,5.219764601538492,5.0272516713243025,5.424243473621776,4.912715332611602,4.723699602728531,5.247058456004668,5.111051834612683,4.666615441714967,5.217808965710379,5.485976323036728,5.167451386322567
0.77,4.8265016672773635,5.223523163328172,4.664433438896364,4.39047055320024,5.2332165933745,4.763039058863969,4.316921095742143,5.696372408258146,4.513416189573607,5.272004493386157,5.091643501964496,5.400810815595125,4.942285312489707,4.807578437191761,5.248322023523098,5.09881239974946,4.689213042623997,5.177116894349079,5.46363583702103,5.175603170449633
0.78,4.79642566992377,5.239710997604848,4.753342522346784,4.422266894084015,5.213366859587532,4.755058756957593,4.3543092334533675,5.879490275097248,4.582534330795238,5.256860657450144,5.127946741563657,5.402180772416666,4.921055715538358,4.789421840553233,5.2065579666497905,5.000707429867973,4.693067899510932,5.154533496316188,5.532145678014458,5.1684502429512476
0.79,4.807898604681592,5.260957735962887,4.729739361510568,4.476811432988827,5.221036056426765,4.755531589149827,4.340068107591356,5.814907022219836,4.552844537745516,5.212916176339076,5.0896013812583725,5.391969475208875,4.930275208900307,4.762438346419213,5.2410152315518435,5.022770542401614,4.686368517994738,5.203618446668365,5.480531868055064,5.19207225331348
0.8,4.883647625039072,5.249678943133723,4.749693308790139,4.488720079999902,5.192041223338488,4.7155604057172456,4.3477769393146275,5.8048011456328,4.587464309544211,5.162068740341286,5.032296270561728,5.396086581287314,4.893098632263909,4.837943575253186,5.209055667918231,4.934883057165004,4.687124424183959,5.190315244212027,5.466321496542583,5.224499780753206
0.81,4.872374584146008,5.230070455838387,4.851427250708499,4.465020775843472,5.265412136080167,4.771142399197263,4.331654281234643,5.7458356565950295,4.509686653425927,5.098749466002604,5.055839877438237,5.3487960523447,4.8864517491348,4.816524786902651,5.179537723961009,4.938938651756828,4.670106686438473,5.217600303161138,5.48452633961539,5.320923431578184
0.8200000000000001,4.961785177368487,5.167620903373482,4.844735342249287,4.4039376343340795,5.290911227574218,4.769858907243455,4.336384468249169,5.754779918859998,4.524728944489083,5.066323309263138,5.121131417946124,5.349338663926807,4.797361450004974,4.779645221824355,5.20858213967601,4.962064781409144,4.66287598648797,5.229727241123812,5.504833233595966,5.338515122798383
0.8300000000000001,4.940816234666605,5.136295787699285,4.78493809695499,4.459039526620725,5.310835399805089,4.762531371628602,4.319286805434215,5.74187948340686,4.524524217186484,5.091949051765582,5.1605441787686335,5.340568282416952,4.7700711336835875,4.741639990521838,5.183534676415684,4.906151220056775,4.621076290897586,5.181299642042175,5.579786162662783,5.3769127380796045
0.84,4.946119141708234,5.118542656394679,4.775875205630186,4.435188410544876,5.323016234178509,4.764470736746659,4.317244991404145,5.741604769700613,4.503481903390901,5.069081767355844,5.142706365499029,5.323371163061503,4.752941333581163,4.691185038800083,5.155769167306876,4.8736363034079115,4.577283964305023,5.2251806985655245,5.549686985020592,5.373067029119138
0.85,4.911563173051809,5.169171062437669,4.694381987992177,4.370507521002589,5.39117494738616,4.743742662463723,4.368428042798716,5.786621348655506,4.464944122645084,5.083226462387031,5.10342411307905,5.345327060243199,4.770585799756927,4.718494217139562,5.060848128450323,4.893270314985053,4.541383418615999,5.183327361536039,5.5185551865858695,5.384508726972258
0.86,4.92540711145199,5.239482575425997,4.642374053794576,4.41634207825136,5.403926291775327,4.724681455442608,4.4000897215527495,5.728524570271546,4.500463068923849,5.09258748181287,5.230849114084104,5.274757713980697,4.770901717783619,4.82819816821934,5.0584394363755205,4.844815675628062,4.5583576442000595,5.204142940653861,5.4581793913694225,5.392113475290923
0.87,4.933150941864987,5.238544758448546,4.744522182653095,4.443204099386736,5.39438241821184,4.688564047967007,4.380955588395137,5.71003221113588,4.51877777243303,5.052605522045498,5.202443320428891,5.292741579545268,4.831563541903096,4.829300595454642,5.07772958442813,4.8721163140815005,4.555264243319768,5.250122957708803,5.467137425452489,5.428951618041334
0.88,4.935904561478685,5.1941665209045835,4.713548702648925,4.4479324712278485,5.390552622646468,4.691022546405091,4.318718993031798,5.739860838879154,4.516917644045263,5.060104075822107,5.173486486925032,5.2568099255479535,4.92721482997363,4.897512613200088,5.093560195425443,4.881297567914251,4.56405392332659,5.212303219422062,5.539096934230234,5.404828637414874
0.89,4.91097326712998,5.228192074103136,4.754479644468679,4.5053104431785265,5.361508683594605,4.77293413413489,4.328854151575765,5.793659883213778,4.559216117796636,5.060574183831181,5.119078741993729,5.228991722163467,4.895020087848649,4.9407383558393745,5.185034132060002,4.853535358079025,4.532180110156805,5.246514270851883,5.543572873262389,5.2954846655377965
0.9,4.904032015093373,5.186908051328315,4.7500560784795764,4.485761110993178,5.313116976031095,4.750458473045627,4.263135508845582,5.81305426163021,4.558465217263038,5.083949286666074,5.106845825305961,5.29887043386008,4.852973558870969,4.9533774638122825,5.142400642863768,4.772561794101984,4.494460527711604,5.245454240131122,5.572182708128458,5.300969064492105
0.91,4.819702948079377,5.184724516383572,4.767149635375528,4.5634452588662775,5.313696486932607,4.771241736945177,4.269033314876158,5.796375346135503,4.498931224046137,5.005857184149151,5.099551000473588,5.320908240222603,4.887543344035026,4.934737790429627,5.214119601523817,4.825358007185191,4.5566827588379,5.2991364580939555,5.602680072924858,5.280651984355199
0.92,4.860759972534699,5.277790198102253,4.761385389086268,4.529513327008538,5.269875022863913,4.759502874133536,4.246491066743942,5.800402911996472,4.467343643222233,5.025348700494582,5.040349152618059,5.252978571103267,4.9577447891464175,4.9441596517530755,5.243383534938455,4.783012239163268,4.587665475690669,5.335386028874477,5.661684701304423,5.302659610059808
0.93,4.839233789551008,5.296230410181876,4.656724483897661,4.48510041447014,5.358154726435925,4.733407521159763,4.225470944935046,5.78017637587604,4.471086088977049,5.004175735489565,5.046308970288504,5.183144161410733,4.923278770584191,5.010909976969144,5.259703058546486,4.768875233146503,4.552566798157573,5.321719774303592,5.67665460253651,5.374722983136329
0.9400000000000001,4.8498166003580705,5.240004643774527,4.63741822478872,4.396755096094781,5.341051920379306,4.70274343221154,4.252558507864376,5.780466399724852,4.445037837545792,5.016307924710087,5.065080856158527,5.19214634872948,4.9766404793339944,5.082613295854846,5.3170435829246365,4.776084971501765,4.494279883433424,5.345732504089032,5.675571522734578,5.415555702558903
0.9500000000000001,4.8640381311943335,5.2105256366422,4.699366392771061,4.490032499633496,5.347836870479771,4.699338294114516,4.274382413886764,5.731548860810654,4.437949796904057,5.0683310782177475,5.0887779892617075,5.166620897479217,5.048781924667512,5.090752669841888,5.32636374403648,4.816505801245898,4.553534558515028,5.394811659405216,5.724448628639964,5.339074087685976
0.96,4.845226472691215,5.211450694765901,4.67646061024646,4.482519854067589,5.33972507481246,4.7149249060847405,4.3207694166365185,5.666641999552629,4.462574459869877,5.024739457739177,5.132251839566335,5.109665036734343,5.1064703088053385,5.061735559449937,5.294060536688598,4.78281955589,4.484794241639323,5.302329842362279,5.692696761162244,5.369344308466888
0.97,4.844076978055655,5.168551525919136,4.698445375198961,4.529414370330696,5.347059911716745,4.8137687456672,4.302820968359,5.620708054518755,4.46140044416091,5.010463298771369,5.094025924369281,5.083587415094359,5.080712793785732,5.0115497850848305,5.293963107594985,4.748707159090678,4.497531263667616,5.319174364446606,5.723928141733659,5.359144428733116
0.98,4.869471217048558,5.1264003006414525,4.712858585611561,4.5393060541114645,5.432368113218111,4.82545070756751,4.263802278227828,5.685046348458407,4.41924660522542,5.013489519958542,5.095624683221117,5.106454909277687,5.118620156555002,5.070864101208003,5.323963325419889,4.78674612328313,4.48374165373235,5.289632933653988,5.6289051171583555,5.339897898964156
0.99,4.825384974080268,5.139873140154557,4.64891874063733,4.500254646317149,5.427194774602827,4.807823779541673,4.299969359831508,5.713173831137088,4.336170672143816,5.0266185303289275,5.146663400744062,5.158767461878689,5.142167678771315,5.135765760363939,5.314438657581129,4.781305823996828,4.552898416856166,5.229878173245266,5.5835539484228365,5.398664680032715
1.0,4.8263630592549855,5.17001677999493,4.6370788965537635,4.5416837677654724,5.375570175940048,4.835052942903155,4.3106680803469875,5.755857274498477,4.392481358727646,4.970318890710753,5.128694660070234,5.169996552167321,5.2169122651395154,4.9917517685716275,5.311678081215031,4.790173184283625,4.5715332046439,5.316010962822763,5.566391852167375,5.340761548421362
